trial,score,best_action,win_probability,round
1,0,small,0.1579441717810172,1
1,1,small,0.1578953975156595,1
1,2,small,0.15784019457772372,1
1,3,small,0.1577788330941939,1
1,4,small,0.15771114036256884,1
1,5,small,0.1578087339649551,1
1,6,small,0.15799378404217812,1
1,7,small,0.15820982089928345,1
1,8,small,0.1584091686570399,1
1,9,small,0.15855106632227356,1
1,10,small,0.15860513203028972,1
1,11,small,0.15850988859733736,1
1,12,small,0.1583104877147342,1
1,13,small,0.15814180785617057,1
1,14,small,0.15799692781129696,1
1,15,small,0.15786741576280017,1
1,16,small,0.1577438532263253,1
1,17,small,0.15761629012918468,1
1,18,small,0.15747463465912617,1
1,19,small,0.1573089809815357,1
1,20,small,0.15710987741566732,1
1,21,small,0.15691991220850568,1
1,22,small,0.15673613581900725,1
1,23,small,0.15655160342359806,1
1,24,small,0.15635728573006732,1
1,25,large,0.15976060601268038,1
1,26,large,0.16169478558663875,1
1,27,large,0.16253055804139013,1
1,28,large,0.1623961238121699,1
1,29,large,0.16138901962694635,1
1,30,large,0.15968644619061284,1
1,31,large,0.15660501993828965,1
1,32,small,0.15432247006267016,1
1,33,small,0.1547682106848984,1
1,34,small,0.15509932691382447,1
1,35,small,0.1552771747928644,1
1,36,small,0.15527260249682842,1
1,37,small,0.15506502818637208,1
1,38,small,0.1546415252579562,1
1,39,small,0.15399590742972646,1
1,40,small,0.1531278060982999,1
1,41,small,0.15312060806527178,1
1,42,small,0.15306060802903892,1
1,43,small,0.1528609555154142,1
1,44,small,0.15247093185945323,1
1,45,small,0.15185781545208346,1
1,46,small,0.15100300211396342,1
1,47,small,0.14987216495972708,1
1,48,small,0.14867892756581153,1
1,49,small,0.14535065934467167,1
1,50,small,0.16223872318540158,1
1,51,small,0.16413909276585864,1
1,52,small,0.1645483305359368,1
1,53,small,0.16368302312946362,1
1,54,small,0.1617216514923463,1
1,55,small,0.15883413237366314,1
1,56,small,0.1551811565761078,1
1,57,small,0.15091354197724552,1
1,58,small,0.1461714666896386,1
1,59,small,0.141083550865132,1
1,60,small,0.13576577946976856,1
1,61,very_small,0.15297664740470887,1
1,62,very_small,0.15186060730438233,1
1,63,very_small,0.1488679052429199,1
1,64,very_small,0.14467045874023438,1
1,65,very_small,0.13959548730468752,1
1,66,very_small,0.1339067353515625,1
1,67,very_small,0.127255421875,1
1,68,very_small,0.1248141796875,1
1,69,small,0.078785294921875,1
1,70,small,0.05379379101562498,1
1,71,small,0.04368987304687499,1
1,72,small,0.03505444531249998,1
1,73,small,0.02773599609375001,1
1,74,small,0.021611386718750007,1
1,75,small,0.016557214843750005,1
1,76,small,0.0124511328125,1
1,77,small,0.0091730703125,1
1,78,small,0.006606572265625,1
1,79,small,0.004640310546874999,1
1,80,small,0.0031697929687500015,1
1,81,small,0.0020992187500000004,1
1,82,small,0.0013429433593750003,1
1,83,small,0.0008264550781250001,1
1,84,small,0.00048686328125000005,1
1,85,small,0.0002728984375,1
1,86,small,0.000144423828125,1
1,87,small,7.145898437500003e-05,1
1,88,small,3.2675781250000004e-05,1
1,89,small,1.3640625000000001e-05,1
1,90,small,5.144531250000001e-06,1
1,91,small,1.7382812500000003e-06,1
1,92,small,5.117187500000002e-07,1
1,93,small,1.1718750000000004e-07,1
1,94,small,1.5625000000000006e-08,1
1,95,small,0.0,1
1,96,small,0.0,1
1,97,small,0.0,1
1,98,small,0.0,1
1,99,small,0.0,1
1,100,small,0.0,1
2,0,small,0.5141837232940227,1
2,1,small,0.5141360425528254,1
2,2,small,0.5140805485880156,1
2,3,small,0.5140171503789949,1
2,4,small,0.513945828207841,1
2,5,small,0.5138846313841504,1
2,6,small,0.5140428465931491,1
2,7,small,0.514321240658182,1
2,8,small,0.5146241297640582,1
2,9,small,0.5148599431020574,1
2,10,small,0.5149417352789968,1
2,11,small,0.5147727586244674,1
2,12,small,0.5145731731088219,1
2,13,small,0.514409793677924,1
2,14,small,0.5142748102455239,1
2,15,small,0.514155955839915,1
2,16,small,0.5140372498863881,1
2,17,small,0.5138997121914116,1
2,18,small,0.5137434428259195,1
2,19,small,0.5135705376353917,1
2,20,small,0.5133829353364201,1
2,21,small,0.5131824277288802,1
2,22,small,0.5129706692918171,1
2,23,small,0.5127491861985812,1
2,24,small,0.5125193847847649,1
2,25,large,0.5126606949103382,1
2,26,large,0.5172071507731243,1
2,27,large,0.5198891219588364,1
2,28,large,0.5206819118815841,1
2,29,large,0.5195762098620398,1
2,30,large,0.5165775788177852,1
2,31,large,0.5113932255338796,1
2,32,small,0.510581462795912,1
2,33,small,0.5111422050599669,1
2,34,small,0.5115751415975224,1
2,35,small,0.5117788677277372,1
2,36,small,0.5116631308158509,1
2,37,small,0.5111489582918818,1
2,38,small,0.510618055516078,1
2,39,small,0.5101124338248362,1
2,40,small,0.509630889356987,1
2,41,small,0.5091722755780828,1
2,42,small,0.508735500550555,1
2,43,small,0.508319524333862,1
2,44,small,0.50792335650844,1
2,45,small,0.5075460538175619,1
2,46,small,0.5071867179214875,1
2,47,small,0.5068444932585595,1
2,48,small,0.506518565008152,1
2,49,small,0.506208157150621,1
2,50,small,0.5140416228815438,1
2,51,small,0.5193612554228988,1
2,52,small,0.5221020512956178,1
2,53,small,0.5223570503410646,1
2,54,small,0.5202338723486329,1
2,55,small,0.5158533903320313,1
2,56,small,0.5093483925781251,1
2,57,small,0.5008655078125,1
2,58,very_small,0.5,1
2,59,very_small,0.5,1
2,60,very_small,0.5,1
2,61,very_small,0.5,1
2,62,convince,0.5,1
2,63,convince,0.5,1
2,64,convince,0.5,1
2,65,convince,0.5,1
2,66,convince,0.5,1
2,67,convince,0.5,1
2,68,convince,0.5,1
2,69,convince,0.5,1
2,70,convince,0.5,1
2,71,very_small,0.20214648437500005,1
2,72,small,0.1727330859375,1
2,73,small,0.146376875,1
2,74,small,0.12249421875,1
2,75,small,0.10108375,1
2,76,small,0.082121640625,1
2,77,small,0.06556125,1
2,78,small,0.051329960937499995,1
2,79,small,0.039325234375,1
2,80,small,0.029410351562500006,1
2,81,small,0.021411484375000008,1
2,82,small,0.015125507812500003,1
2,83,small,0.010329765625000003,1
2,84,small,0.006791835937500001,1
2,85,small,0.0042792968750000005,1
2,86,small,0.0025694921874999995,1
2,87,small,0.001459296875,1
2,88,small,0.0007756640625,1
2,89,small,0.000380703125,1
2,90,small,0.00016992187500000002,1
2,91,small,6.8125e-05,1
2,92,small,2.4531250000000007e-05,1
2,93,small,7.890625000000002e-06,1
2,94,small,2.0312500000000007e-06,1
2,95,small,3.1250000000000013e-07,1
2,96,small,0.0,1
2,97,small,0.0,1
2,98,small,0.0,1
2,99,small,0.0,1
2,100,small,0.0,1
3,0,small,0.876099031446863,1
3,1,small,0.8760754044375991,1
3,2,small,0.8760380339860621,1
3,3,small,0.8759871029927441,1
3,4,small,0.8759210389188912,1
3,5,small,0.875836373689849,1
3,6,small,0.8757276742441934,1
3,7,small,0.8755875530211572,1
3,8,small,0.8754078868532034,1
3,9,small,0.8751777060314987,1
3,10,small,0.8751437874787333,1
3,11,small,0.8753517829230293,1
3,12,small,0.8757462493086193,1
3,13,small,0.8762546342447883,1
3,14,small,0.8767841117518348,1
3,15,small,0.8772219912252984,1
3,16,small,0.8774348218006659,1
3,17,small,0.8772755649318368,1
3,18,small,0.8767576599296495,1
3,19,small,0.8763150922520537,1
3,20,small,0.8759361589155459,1
3,21,small,0.875602864252325,1
3,22,small,0.8752906249553177,1
3,23,small,0.8749684831263884,1
3,24,small,0.8745997574418344,1
3,25,small,0.8741430691090049,1
3,26,small,0.8735536853310819,1
3,27,small,0.872785128560434,1
3,28,small,0.8718145634941268,1
3,29,small,0.8705740895974046,1
3,30,large,0.87446541642343,1
3,31,large,0.8795116918089443,1
3,32,large,0.8836355770204232,1
3,33,large,0.8864223329681686,1
3,34,large,0.8873736618927612,1
3,35,large,0.8859795806945712,1
3,36,large,0.8816914333080166,1
3,37,large,0.8740904275552538,1
3,38,small,0.866399559885904,1
3,39,small,0.8674637387001393,1
3,40,small,0.8683574921853862,1
3,41,small,0.868936970987911,1
3,42,small,0.8690458390151716,1
3,43,small,0.8685256465478002,1
3,44,small,0.867225243750756,1
3,45,small,0.8650093024524151,1
3,46,small,0.861766009772622,1
3,47,small,0.8574139931474748,1
3,48,small,0.8524032621679821,1
3,49,small,0.8457646116629591,1
3,50,small,0.8492655899766276,1
3,51,small,0.8537164845015502,1
3,52,small,0.8591849703586194,1
3,53,small,0.8658904479605899,1
3,54,small,0.8721836111529427,1
3,55,small,0.8778980820504216,1
3,56,small,0.8827823995718301,1
3,57,small,0.8865040710207907,1
3,58,small,0.8886534307340864,1
3,59,small,0.8887473149848442,1
3,60,small,0.8862325618903277,1
3,61,small,0.8805265470384074,1
3,62,small,0.8712231995603879,1
3,63,small,0.8581217972003695,1
3,64,small,0.8412171878098756,1
3,65,small,0.8206904764855958,1
3,66,small,0.7969001561767579,1
3,67,small,0.7703736606445313,1
3,68,very_small,0.752188642578125,1
3,69,very_small,0.7129916015625,1
3,70,very_small,0.6707109375000001,1
3,71,very_small,0.62575390625,1
3,72,small,0.5769179687500001,1
3,73,small,0.5274570312500001,1
3,74,small,0.47777031249999996,1
3,75,small,0.42824375,1
3,76,small,0.3792484375,1
3,77,small,0.3312078125,1
3,78,small,0.28462578125,1
3,79,small,0.24009453124999997,1
3,80,small,0.19829765624999998,1
3,81,small,0.15997734375,1
3,82,small,0.12571953125,1
3,83,small,0.09591484375000002,1
3,84,small,0.07075859375000003,1
3,85,small,0.05025078125,1
3,86,small,0.034196093749999996,1
3,87,small,0.022203906250000002,1
3,88,small,0.013672656249999998,1
3,89,small,0.007899218749999999,1
3,90,small,0.004215625000000001,1
3,91,small,0.0020359375000000004,1
3,92,small,0.0008718749999999999,1
3,93,small,0.00033281250000000005,1
3,94,small,0.00011718750000000002,1
3,95,small,3.437500000000001e-05,1
3,96,small,6.250000000000002e-06,1
3,97,small,0.0,1
3,98,small,0.0,1
3,99,small,0.0,1
3,100,small,0.0,1
4,0,small,0.9728383917850149,1
4,1,small,0.9728552502665739,1
4,2,small,0.9728635724716646,1
4,3,small,0.9728650074033949,1
4,4,small,0.9728608974632621,1
4,5,small,0.9728520769902216,1
4,6,small,0.972838632334335,1
4,7,small,0.9728196336566578,1
4,8,small,0.9727928473176891,1
4,9,small,0.9727544365195597,1
4,10,small,0.9727004634824858,1
4,11,small,0.9726301669765878,1
4,12,small,0.9725457926018624,1
4,13,small,0.9725140154388419,1
4,14,small,0.9725473487702716,1
4,15,small,0.9726398339943119,1
4,16,small,0.972785762011595,1
4,17,small,0.9729798333152266,1
4,18,small,0.9731885147116658,1
4,19,small,0.9733513775357077,1
4,20,small,0.9733823724383859,1
4,21,small,0.9731924198977532,1
4,22,small,0.9730300165734777,1
4,23,small,0.972893706038001,1
4,24,small,0.9727786986606082,1
4,25,small,0.9726756675294127,1
4,26,small,0.9725697392166011,1
4,27,small,0.9724396601031129,1
4,28,small,0.9722571205383135,1
4,29,small,0.9719862205569743,1
4,30,small,0.9716210027410046,1
4,31,small,0.9712242368586261,1
4,32,small,0.9708583051073563,1
4,33,large,0.97187847217843,1
4,34,large,0.9732140153988711,1
4,35,large,0.9744895384751152,1
4,36,large,0.9757043223572526,1
4,37,large,0.9768612593878595,1
4,38,large,0.9773621426404524,1
4,39,large,0.976608634016548,1
4,40,large,0.9740022704919504,1
4,41,small,0.9693933690850963,1
4,42,small,0.9697819500879667,1
4,43,small,0.970167495328466,1
4,44,small,0.9704785511127545,1
4,45,small,0.9706150449055042,1
4,46,small,0.9704511729603666,1
4,47,small,0.969838077833348,1
4,48,small,0.9686063292423255,1
4,49,small,0.9665682209301908,1
4,50,small,0.9643166464216104,1
4,51,small,0.9632889192110574,1
4,52,small,0.9635396700819595,1
4,53,small,0.9652758762685328,1
4,54,small,0.9668364000176504,1
4,55,small,0.9684156190644289,1
4,56,small,0.969919637204218,1
4,57,small,0.9713520354325886,1
4,58,small,0.972716224221513,1
4,59,small,0.9740154516395363,1
4,60,small,0.9752528110852727,1
4,61,small,0.9764312486526407,1
4,62,small,0.9775535701453721,1
4,63,small,0.9778784001384495,1
4,64,small,0.9766996667985233,1
4,65,small,0.9733449207604983,1
4,66,small,0.9671737340576174,1
4,67,small,0.9575761752929689,1
4,68,small,0.9439713574218751,1
4,69,small,0.9258060546875,1
4,70,very_small,0.91928515625,1
4,71,very_small,0.942734375,1
4,72,very_small,0.9685546875,1
4,73,very_small,1.0,1
4,74,very_small,0.998046875,1
4,75,very_small,0.9921875,1
4,76,very_small,0.98046875,1
4,77,very_small,0.9609375,1
4,78,very_small,0.931640625,1
4,79,very_small,0.890625,1
4,80,very_small,0.8359375,1
4,81,very_small,0.76640625,1
4,82,very_small,0.6851562499999999,1
4,83,very_small,0.5960937499999999,1
4,84,very_small,0.503125,1
4,85,very_small,0.41015625000000006,1
4,86,very_small,0.32109375000000007,1
4,87,very_small,0.23984375000000008,1
4,88,very_small,0.17062500000000005,1
4,89,very_small,0.11546874999999998,1
4,90,very_small,0.073671875,1
4,91,very_small,0.043593749999999994,1
4,92,very_small,0.023281250000000003,1
4,93,very_small,0.01078125,1
4,94,small,0.0043125,1
4,95,small,0.0016562500000000002,1
4,96,small,0.0005625000000000001,1
4,97,small,0.00012500000000000003,1
4,98,small,0.0,1
4,99,small,0.0,1
4,100,small,0.0,1
5,0,small,1.0000000000000002,1
5,1,small,1.0000000000000002,1
5,2,small,1.0000000000000002,1
5,3,small,1.0000000000000002,1
5,4,small,1.0000000000000002,1
5,5,small,1.0000000000000002,1
5,6,small,1.0000000000000002,1
5,7,small,1.0000000000000002,1
5,8,small,1.0000000000000002,1
5,9,small,1.0000000000000002,1
5,10,small,1.0000000000000002,1
5,11,small,1.0000000000000002,1
5,12,small,1.0000000000000002,1
5,13,small,1.0000000000000002,1
5,14,small,1.0000000000000002,1
5,15,small,1.0000000000000002,1
5,16,small,1.0000000000000002,1
5,17,small,1.0000000000000002,1
5,18,small,1.0000000000000002,1
5,19,small,1.0000000000000002,1
5,20,small,1.0000000000000002,1
5,21,small,1.0000000000000002,1
5,22,small,1.0000000000000002,1
5,23,small,1.0000000000000002,1
5,24,small,1.0000000000000002,1
5,25,small,1.0000000000000002,1
5,26,small,1.0000000000000002,1
5,27,small,1.0000000000000002,1
5,28,small,1.0000000000000002,1
5,29,small,1.0000000000000002,1
5,30,small,1.0000000000000002,1
5,31,small,1.0000000000000002,1
5,32,small,1.0000000000000002,1
5,33,small,1.0000000000000002,1
5,34,small,1.0000000000000002,1
5,35,small,1.0000000000000002,1
5,36,small,1.0000000000000002,1
5,37,small,1.0000000000000002,1
5,38,small,1.0000000000000002,1
5,39,small,1.0000000000000002,1
5,40,small,1.0000000000000002,1
5,41,small,1.0000000000000002,1
5,42,small,1.0000000000000002,1
5,43,small,1.0000000000000002,1
5,44,small,1.0000000000000002,1
5,45,small,1.0000000000000002,1
5,46,small,1.0000000000000002,1
5,47,small,1.0000000000000002,1
5,48,small,1.0000000000000002,1
5,49,small,1.0000000000000002,1
5,50,small,1.0000000000000002,1
5,51,small,1.0000000000000002,1
5,52,small,1.0000000000000002,1
5,53,small,1.0000000000000002,1
5,54,small,1.0000000000000002,1
5,55,small,1.0000000000000002,1
5,56,small,1.0000000000000002,1
5,57,small,1.0000000000000002,1
5,58,small,1.0000000000000002,1
5,59,small,1.0000000000000002,1
5,60,small,1.0000000000000002,1
5,61,small,1.0000000000000002,1
5,62,small,1.0000000000000002,1
5,63,small,1.0000000000000002,1
5,64,small,1.0000000000000002,1
5,65,small,1.0000000000000002,1
5,66,small,1.0000000000000002,1
5,67,small,1.0000000000000002,1
5,68,small,1.0000000000000002,1
5,69,small,1.0000000000000002,1
5,70,small,1.0000000000000002,1
5,71,small,1.0000000000000002,1
5,72,very_small,1.0,1
5,73,very_small,1.0,1
5,74,very_small,1.0,1
5,75,very_small,1.0,1
5,76,very_small,1.0,1
5,77,very_small,1.0,1
5,78,very_small,1.0,1
5,79,very_small,1.0,1
5,80,very_small,1.0,1
5,81,very_small,1.0,1
5,82,very_small,1.0,1
5,83,very_small,0.984375,1
5,84,very_small,0.953125,1
5,85,very_small,0.90625,1
5,86,very_small,0.84375,1
5,87,very_small,0.765625,1
5,88,very_small,0.671875,1
5,89,very_small,0.5625,1
5,90,very_small,0.44375,1
5,91,very_small,0.334375,1
5,92,very_small,0.240625,1
5,93,very_small,0.1625,1
5,94,very_small,0.1,1
5,95,very_small,0.053125,1
5,96,very_small,0.021875,1
5,97,small,0.00875,1
5,98,small,0.0025000000000000005,1
5,99,small,0.0,1
5,100,small,0.0,1
6,0,small,1.0000000000000002,1
6,1,small,1.0000000000000002,1
6,2,small,1.0000000000000002,1
6,3,small,1.0000000000000002,1
6,4,small,1.0000000000000002,1
6,5,small,1.0000000000000002,1
6,6,small,1.0000000000000002,1
6,7,small,1.0000000000000002,1
6,8,small,1.0000000000000002,1
6,9,small,1.0000000000000002,1
6,10,small,1.0000000000000002,1
6,11,small,1.0000000000000002,1
6,12,small,1.0000000000000002,1
6,13,small,1.0000000000000002,1
6,14,small,1.0000000000000002,1
6,15,small,1.0000000000000002,1
6,16,small,1.0000000000000002,1
6,17,small,1.0000000000000002,1
6,18,small,1.0000000000000002,1
6,19,small,1.0000000000000002,1
6,20,small,1.0000000000000002,1
6,21,small,1.0000000000000002,1
6,22,small,1.0000000000000002,1
6,23,small,1.0000000000000002,1
6,24,small,1.0000000000000002,1
6,25,small,1.0000000000000002,1
6,26,small,1.0000000000000002,1
6,27,small,1.0000000000000002,1
6,28,small,1.0000000000000002,1
6,29,small,1.0000000000000002,1
6,30,small,1.0000000000000002,1
6,31,small,1.0000000000000002,1
6,32,small,1.0000000000000002,1
6,33,small,1.0000000000000002,1
6,34,small,1.0000000000000002,1
6,35,small,1.0000000000000002,1
6,36,small,1.0000000000000002,1
6,37,small,1.0000000000000002,1
6,38,small,1.0000000000000002,1
6,39,small,1.0000000000000002,1
6,40,small,1.0000000000000002,1
6,41,small,1.0000000000000002,1
6,42,small,1.0000000000000002,1
6,43,small,1.0000000000000002,1
6,44,small,1.0000000000000002,1
6,45,small,1.0000000000000002,1
6,46,small,1.0000000000000002,1
6,47,small,1.0000000000000002,1
6,48,small,1.0000000000000002,1
6,49,small,1.0000000000000002,1
6,50,small,1.0000000000000002,1
6,51,small,1.0000000000000002,1
6,52,small,1.0000000000000002,1
6,53,small,1.0000000000000002,1
6,54,small,1.0000000000000002,1
6,55,small,1.0000000000000002,1
6,56,small,1.0000000000000002,1
6,57,small,1.0000000000000002,1
6,58,small,1.0000000000000002,1
6,59,small,1.0000000000000002,1
6,60,small,1.0000000000000002,1
6,61,small,1.0000000000000002,1
6,62,small,1.0000000000000002,1
6,63,small,1.0000000000000002,1
6,64,small,1.0000000000000002,1
6,65,small,1.0000000000000002,1
6,66,small,1.0000000000000002,1
6,67,small,1.0000000000000002,1
6,68,small,1.0000000000000002,1
6,69,small,1.0000000000000002,1
6,70,small,1.0000000000000002,1
6,71,small,1.0000000000000002,1
6,72,small,1.0000000000000002,1
6,73,small,1.0000000000000002,1
6,74,small,1.0000000000000002,1
6,75,small,1.0000000000000002,1
6,76,small,1.0000000000000002,1
6,77,small,1.0000000000000002,1
6,78,small,1.0000000000000002,1
6,79,small,1.0000000000000002,1
6,80,small,1.0000000000000002,1
6,81,very_small,1.0,1
6,82,very_small,1.0,1
6,83,very_small,1.0,1
6,84,very_small,1.0,1
6,85,very_small,1.0,1
6,86,very_small,1.0,1
6,87,very_small,1.0,1
6,88,very_small,1.0,1
6,89,very_small,1.0,1
6,90,very_small,1.0,1
6,91,very_small,1.0,1
6,92,very_small,0.875,1
6,93,very_small,0.75,1
6,94,very_small,0.625,1
6,95,very_small,0.5,1
6,96,very_small,0.375,1
6,97,very_small,0.25,1
6,98,very_small,0.125,1
6,99,small,0.05,1
6,100,small,0.0,1
1,0,small,0.4995543942809272,2
1,1,small,0.49955758485450535,2
1,2,small,0.4995614820077407,2
1,3,small,0.4995660112124718,2
1,4,small,0.49957110343623584,2
1,5,small,0.499576694787867,2
1,6,small,0.4995716269735102,2
1,7,small,0.49956720851716635,2
1,8,small,0.4995634268367025,2
1,9,small,0.4995602672772527,2
1,10,small,0.4995577134227982,2
1,11,small,0.4995473291398476,2
1,12,small,0.49953524344674605,2
1,13,small,0.49952439597754444,2
1,14,small,0.49951563547038297,2
1,15,small,0.499508787764408,2
1,16,large,0.49951679511146796,2
1,17,large,0.4995398048680647,2
1,18,large,0.4995617189219664,2
1,19,large,0.49958258944949174,2
1,20,large,0.4996024661423731,2
1,21,large,0.49962139632606956,2
1,22,large,0.4996394250724472,2
1,23,large,0.4996565953070925,2
1,24,large,0.4996729479115166,2
1,25,large,0.499688521820492,2
1,26,small,0.4994702706863717,2
1,27,small,0.4994788393902895,2
1,28,small,0.49948779322742515,2
1,29,small,0.499497076088257,2
1,30,small,0.4995066363337093,2
1,31,small,0.4993396434808368,2
1,32,small,0.4992935295847129,2
1,33,small,0.4993074465935116,2
1,34,small,0.49934042532715395,2
1,35,small,0.4993718336449085,2
1,36,small,0.49940174632848433,2
1,37,small,0.4994302345985565,2
1,38,small,0.4994573662843395,2
1,39,small,0.4994832059850853,2
1,40,small,0.49950781522389076,2
1,41,small,0.4995312525941817,2
1,42,small,0.49955357389922067,2
1,43,small,0.4995748322849721,2
1,44,small,0.4995950783666401,2
1,45,small,0.49961436034918105,2
1,46,small,0.49963272414207716,2
1,47,small,0.4996502134686449,2
1,48,small,0.49966686997013804,2
1,49,small,0.4996827333048933,2
1,50,small,0.49969784124275557,2
1,51,very_small,0.4959997864233866,2
1,52,very_small,0.4983712516622353,2
1,53,very_small,0.4995857867694855,2
1,54,very_small,0.5,2
1,55,very_small,0.5,2
1,56,very_small,0.5,2
1,57,very_small,0.5,2
1,58,very_small,0.5,2
1,59,very_small,0.5,2
1,60,very_small,0.5,2
1,61,very_small,0.5,2
1,62,convince,0.5,2
1,63,convince,0.5,2
1,64,convince,0.5,2
1,65,convince,0.5,2
1,66,convince,0.5,2
1,67,convince,0.5,2
1,68,convince,0.5,2
1,69,convince,0.5,2
1,70,convince,0.5,2
1,71,very_small,0.012763893286132815,2
1,72,small,0.005405843090820312,2
1,73,small,0.0019219849023437501,2
1,74,small,0.00047207775878906256,2
1,75,small,0.00027217061523437513,2
1,76,small,0.00015860797851562504,2
1,77,small,9.250911132812504e-05,2
1,78,small,5.409811035156253e-05,2
1,79,small,3.135266113281252e-05,2
1,80,small,1.7797294921875e-05,2
1,81,small,9.772001953125003e-06,2
1,82,small,5.132143554687499e-06,2
1,83,small,2.558422851562502e-06,2
1,84,small,1.2018603515625003e-06,2
1,85,small,5.275439453125001e-07,2
1,86,small,2.1428710937500008e-07,2
1,87,small,7.967773437500002e-08,2
1,88,small,2.675781250000001e-08,2
1,89,small,7.939453125000003e-09,2
1,90,small,1.9824218750000005e-09,2
1,91,small,3.7109375000000017e-10,2
1,92,small,3.906250000000002e-11,2
1,93,small,0.0,2
1,94,small,0.0,2
1,95,small,0.0,2
1,96,small,0.0,2
1,97,small,0.0,2
1,98,small,0.0,2
1,99,small,0.0,2
1,100,small,0.0,2
2,0,large,0.5000000000000008,2
2,1,large,0.5000000000000008,2
2,2,large,0.5000000000000008,2
2,3,large,0.5000000000000008,2
2,4,large,0.5000000000000008,2
2,5,large,0.5000000000000007,2
2,6,large,0.5000000000000007,2
2,7,large,0.5000000000000006,2
2,8,large,0.5000000000000006,2
2,9,small,0.5000000000000004,2
2,10,large,0.5000000000000004,2
2,11,small,0.5000000000000003,2
2,12,small,0.5000000000000003,2
2,13,small,0.5000000000000003,2
2,14,small,0.5000000000000003,2
2,15,small,0.5000000000000003,2
2,16,small,0.5000000000000003,2
2,17,small,0.5000000000000003,2
2,18,small,0.5000000000000003,2
2,19,small,0.5000000000000003,2
2,20,small,0.5000000000000003,2
2,21,small,0.5000000000000003,2
2,22,small,0.5000000000000003,2
2,23,small,0.5000000000000003,2
2,24,small,0.5000000000000003,2
2,25,small,0.5000000000000003,2
2,26,small,0.5000000000000003,2
2,27,small,0.5000000000000003,2
2,28,small,0.5000000000000003,2
2,29,small,0.5000000000000003,2
2,30,small,0.5000000000000003,2
2,31,small,0.5000000000000003,2
2,32,small,0.5000000000000003,2
2,33,small,0.5000000000000003,2
2,34,small,0.5000000000000003,2
2,35,small,0.5000000000000003,2
2,36,small,0.5000000000000003,2
2,37,small,0.5000000000000003,2
2,38,small,0.5000000000000003,2
2,39,small,0.5000000000000003,2
2,40,small,0.5000000000000003,2
2,41,small,0.5000000000000003,2
2,42,small,0.5000000000000003,2
2,43,small,0.5000000000000003,2
2,44,small,0.5000000000000003,2
2,45,small,0.5000000000000003,2
2,46,small,0.5000000000000003,2
2,47,small,0.5000000000000003,2
2,48,small,0.5000000000000003,2
2,49,small,0.5000000000000002,2
2,50,small,0.5000000000000002,2
2,51,small,0.5000000000000002,2
2,52,small,0.5000000000000002,2
2,53,small,0.5000000000000001,2
2,54,small,0.5000000000000001,2
2,55,small,0.5000000000000001,2
2,56,very_small,0.5,2
2,57,very_small,0.5,2
2,58,very_small,0.5,2
2,59,very_small,0.5,2
2,60,very_small,0.5,2
2,61,very_small,0.5,2
2,62,very_small,0.5,2
2,63,very_small,0.5,2
2,64,very_small,0.5,2
2,65,very_small,0.5,2
2,66,very_small,0.5,2
2,67,convince,0.5,2
2,68,convince,0.5,2
2,69,convince,0.5,2
2,70,convince,0.5,2
2,71,very_small,0.19438366650390623,2
2,72,very_small,0.13206747802734373,2
2,73,very_small,0.06967716455078124,2
2,74,small,0.02899814287109375,2
2,75,small,0.00399814287109375,2
2,76,small,0.0022712527343750006,2
2,77,small,0.00132197734375,2
2,78,small,0.0007682200195312503,2
2,79,small,0.0004549089843750002,2
2,80,small,0.00027110732421875013,2
2,81,small,0.00016050585937500003,2
2,82,small,9.279716796875e-05,2
2,83,small,5.1474414062499994e-05,2
2,84,small,2.7131250000000002e-05,2
2,85,small,1.3486328125000006e-05,2
2,86,small,6.265136718750001e-06,2
2,87,small,2.6921875000000002e-06,2
2,88,small,1.0583984375000002e-06,2
2,89,small,3.763671875000001e-07,2
2,90,small,1.1914062500000004e-07,2
2,91,small,3.222656250000001e-08,2
2,92,small,6.640625000000003e-09,2
2,93,small,7.812500000000004e-10,2
2,94,small,0.0,2
2,95,small,0.0,2
2,96,small,0.0,2
2,97,small,0.0,2
2,98,small,0.0,2
2,99,small,0.0,2
2,100,small,0.0,2
3,0,small,0.49956197966258886,2
3,1,small,0.4995603362919579,2
3,2,small,0.49955984267621106,2
3,3,small,0.49956039304134736,2
3,4,small,0.4995618890799258,2
3,5,small,0.4995642394798157,2
3,6,small,0.4995673594808955,2
3,7,small,0.49957117045810867,2
3,8,small,0.4995755995293721,2
3,9,small,0.499580579186914,2
3,10,small,0.49958604695070047,2
3,11,small,0.49958109119489613,2
3,12,small,0.4995767704388222,2
3,13,small,0.49957307237938187,2
3,14,small,0.4995699826864587,2
3,15,small,0.49956748530761813,2
3,16,small,0.4995573325094681,2
3,17,small,0.49954551446679213,2
3,18,small,0.49953490638605486,2
3,19,small,0.4995263391781616,2
3,20,small,0.4995196425288749,2
3,21,large,0.49952746887933813,2
3,22,large,0.4995499703612744,2
3,23,large,0.4995714003440708,2
3,24,large,0.499591809851496,2
3,25,large,0.4996112474776152,2
3,26,large,0.49962975950249067,2
3,27,large,0.499647390002372,2
3,28,large,0.49966418095464,2
3,29,large,0.49968017233775236,2
3,30,large,0.4996954022264308,2
3,31,small,0.49948197607880995,2
3,32,small,0.49949035531734237,2
3,33,small,0.49949911119057505,2
3,34,small,0.49950818882799564,2
3,35,small,0.4995175377308081,2
3,36,small,0.49935427654646714,2
3,37,small,0.49930915361327066,2
3,38,small,0.49932274477131144,2
3,39,small,0.4993549950202967,2
3,40,small,0.49938570954313966,2
3,41,small,0.49941496146965686,2
3,42,small,0.49944282044729227,2
3,43,small,0.49946935280694504,2
3,44,small,0.4994946217209001,2
3,45,small,0.4995186873532382,2
3,46,small,0.499541607003084,2
3,47,small,0.4995634352410324,2
3,48,small,0.4995842240390785,2
3,49,small,0.4996040228943605,2
3,50,small,0.49962287894700996,2
3,51,small,0.49964083709239043,2
3,52,small,0.4996579400879909,2
3,53,small,0.4996742286552294,2
3,54,small,0.49968974157640894,2
3,55,small,0.49970451578705616,2
3,56,very_small,0.49608905285964966,2
3,57,very_small,0.4984066949493408,2
3,58,very_small,0.4995945679321289,2
3,59,very_small,0.5,2
3,60,very_small,0.5,2
3,61,very_small,0.5,2
3,62,very_small,0.5,2
3,63,very_small,0.5,2
3,64,very_small,0.5,2
3,65,very_small,0.5,2
3,66,very_small,0.5,2
3,67,convince,0.5,2
3,68,convince,0.5,2
3,69,convince,0.5,2
3,70,convince,0.5,2
3,71,convince,0.5,2
3,72,convince,0.5,2
3,73,convince,0.5,2
3,74,convince,0.5,2
3,75,convince,0.5,2
3,76,very_small,0.03453780273437499,2
3,77,very_small,0.018985507812500003,2
3,78,very_small,0.011075146484375,2
3,79,very_small,0.006266220703125,2
3,80,small,0.003676033203125001,2
3,81,small,0.0022120292968750006,2
3,82,small,0.0013541738281250004,2
3,83,small,0.0008264550781250001,2
3,84,small,0.00048686328125000005,2
3,85,small,0.0002728984375,2
3,86,small,0.000144423828125,2
3,87,small,7.145898437500003e-05,2
3,88,small,3.2675781250000004e-05,2
3,89,small,1.3640625000000001e-05,2
3,90,small,5.144531250000001e-06,2
3,91,small,1.7382812500000003e-06,2
3,92,small,5.117187500000002e-07,2
3,93,small,1.1718750000000004e-07,2
3,94,small,1.5625000000000006e-08,2
3,95,small,0.0,2
3,96,small,0.0,2
3,97,small,0.0,2
3,98,small,0.0,2
3,99,small,0.0,2
3,100,small,0.0,2
4,0,large,0.5000000000000008,2
4,1,large,0.5000000000000008,2
4,2,large,0.5000000000000008,2
4,3,large,0.5000000000000008,2
4,4,large,0.5000000000000008,2
4,5,large,0.5000000000000008,2
4,6,large,0.5000000000000008,2
4,7,large,0.5000000000000008,2
4,8,large,0.5000000000000008,2
4,9,large,0.5000000000000008,2
4,10,large,0.5000000000000007,2
4,11,large,0.5000000000000007,2
4,12,large,0.5000000000000006,2
4,13,large,0.5000000000000006,2
4,14,small,0.5000000000000004,2
4,15,large,0.5000000000000004,2
4,16,small,0.5000000000000003,2
4,17,small,0.5000000000000003,2
4,18,small,0.5000000000000003,2
4,19,small,0.5000000000000003,2
4,20,small,0.5000000000000003,2
4,21,small,0.5000000000000003,2
4,22,small,0.5000000000000003,2
4,23,small,0.5000000000000003,2
4,24,small,0.5000000000000003,2
4,25,small,0.5000000000000003,2
4,26,small,0.5000000000000003,2
4,27,small,0.5000000000000003,2
4,28,small,0.5000000000000003,2
4,29,small,0.5000000000000003,2
4,30,small,0.5000000000000003,2
4,31,small,0.5000000000000003,2
4,32,small,0.5000000000000003,2
4,33,small,0.5000000000000003,2
4,34,small,0.5000000000000003,2
4,35,small,0.5000000000000003,2
4,36,small,0.5000000000000003,2
4,37,small,0.5000000000000003,2
4,38,small,0.5000000000000003,2
4,39,small,0.5000000000000003,2
4,40,small,0.5000000000000003,2
4,41,small,0.5000000000000003,2
4,42,small,0.5000000000000003,2
4,43,small,0.5000000000000003,2
4,44,small,0.5000000000000003,2
4,45,small,0.5000000000000003,2
4,46,small,0.5000000000000003,2
4,47,small,0.5000000000000003,2
4,48,small,0.5000000000000003,2
4,49,small,0.5000000000000003,2
4,50,small,0.5000000000000003,2
4,51,small,0.5000000000000003,2
4,52,small,0.5000000000000003,2
4,53,small,0.5000000000000003,2
4,54,small,0.5000000000000002,2
4,55,small,0.5000000000000002,2
4,56,small,0.5000000000000002,2
4,57,small,0.5000000000000002,2
4,58,small,0.5000000000000001,2
4,59,small,0.5000000000000001,2
4,60,small,0.5000000000000001,2
4,61,very_small,0.5,2
4,62,very_small,0.5,2
4,63,very_small,0.5,2
4,64,very_small,0.5,2
4,65,very_small,0.5,2
4,66,very_small,0.5,2
4,67,very_small,0.5,2
4,68,very_small,0.5,2
4,69,very_small,0.5,2
4,70,very_small,0.5,2
4,71,very_small,0.5,2
4,72,convince,0.5,2
4,73,convince,0.5,2
4,74,convince,0.5,2
4,75,convince,0.5,2
4,76,very_small,0.2583025390625,2
4,77,very_small,0.198327734375,2
4,78,very_small,0.13753984375,2
4,79,very_small,0.076148828125,2
4,80,very_small,0.04909609375000001,2
4,81,very_small,0.029280078125,2
4,82,small,0.017157109375000007,2
4,83,small,0.010554375000000001,2
4,84,small,0.006791835937500001,2
4,85,small,0.0042792968750000005,2
4,86,small,0.0025694921874999995,2
4,87,small,0.001459296875,2
4,88,small,0.0007756640625,2
4,89,small,0.000380703125,2
4,90,small,0.00016992187500000002,2
4,91,small,6.8125e-05,2
4,92,small,2.4531250000000007e-05,2
4,93,small,7.890625000000002e-06,2
4,94,small,2.0312500000000007e-06,2
4,95,small,3.1250000000000013e-07,2
4,96,small,0.0,2
4,97,small,0.0,2
4,98,small,0.0,2
4,99,small,0.0,2
4,100,small,0.0,2
5,0,large,0.5196829608614046,2
5,1,small,0.5196474741919919,2
5,2,small,0.5196732510853069,2
5,3,small,0.5196859145840927,2
5,4,small,0.5196881922848235,2
5,5,small,0.5196823584966341,2
5,6,small,0.5196693690866472,2
5,7,small,0.5196486683109105,2
5,8,small,0.5196193208612737,2
5,9,small,0.5195805789058997,2
5,10,small,0.5195318625022449,2
5,11,small,0.5194727416338321,2
5,12,small,0.5194029197518434,2
5,13,small,0.5193222187106326,2
5,14,small,0.5192305649937955,2
5,15,small,0.5191279771345034,2
5,16,small,0.5191667270614608,2
5,17,small,0.5194204302894181,2
5,18,small,0.5198203548933106,2
5,19,small,0.520190108057296,2
5,20,small,0.5205262054950213,2
5,21,small,0.5204897197008884,2
5,22,small,0.5201887889516088,2
5,23,small,0.5199391845598096,2
5,24,small,0.519733746299441,2
5,25,small,0.5195656827328453,2
5,26,small,0.5194095808869074,2
5,27,small,0.519234652796177,2
5,28,small,0.5190323718685392,2
5,29,small,0.5188057397984174,2
5,30,small,0.5185575344291495,2
5,31,small,0.5182903242655751,2
5,32,small,0.5180064821120709,2
5,33,small,0.5177081978864163,2
5,34,small,0.5173974906570551,2
5,35,small,0.5170762199486615,2
5,36,large,0.5199417256006083,2
5,37,large,0.5244944948485646,2
5,38,large,0.5278188469711604,2
5,39,large,0.5275851713370026,2
5,40,large,0.5272481542495263,2
5,41,large,0.5197600038182303,2
5,42,small,0.5141701739660198,2
5,43,small,0.5149470967238229,2
5,44,small,0.515624981092071,2
5,45,small,0.5162044114009307,2
5,46,small,0.5162875439681482,2
5,47,small,0.5157360909815697,2
5,48,small,0.5149867533157807,2
5,49,small,0.5142730983959817,2
5,50,small,0.5135934270437921,2
5,51,small,0.5129461209940877,2
5,52,small,0.5123296390419882,2
5,53,small,0.5117425133733222,2
5,54,small,0.5111833460698306,2
5,55,small,0.5106508057807911,2
5,56,small,0.5101436245531344,2
5,57,small,0.509660594812509,2
5,58,small,0.5092005664881039,2
5,59,small,0.5087624442743846,2
5,60,small,0.5157856612136996,2
5,61,small,0.522139617822571,2
5,62,small,0.5272051419738771,2
5,63,small,0.530485551879883,2
5,64,small,0.5291826684570314,2
5,65,small,0.5277930175781251,2
5,66,small,0.5179501953125001,2
5,67,small,0.50470703125,2
5,68,very_small,0.5,2
5,69,very_small,0.5,2
5,70,very_small,0.5,2
5,71,very_small,0.5,2
5,72,very_small,0.5,2
5,73,very_small,0.5,2
5,74,very_small,0.5,2
5,75,very_small,0.5,2
5,76,very_small,0.5,2
5,77,convince,0.5,2
5,78,convince,0.5,2
5,79,convince,0.5,2
5,80,convince,0.5,2
5,81,very_small,0.25119140625,2
5,82,very_small,0.19237500000000002,2
5,83,very_small,0.1320546875,2
5,84,small,0.07525078125000002,2
5,85,small,0.05025078125,2
5,86,small,0.034196093749999996,2
5,87,small,0.022203906250000002,2
5,88,small,0.013672656249999998,2
5,89,small,0.007899218749999999,2
5,90,small,0.004215625000000001,2
5,91,small,0.0020359375000000004,2
5,92,small,0.0008718749999999999,2
5,93,small,0.00033281250000000005,2
5,94,small,0.00011718750000000002,2
5,95,small,3.437500000000001e-05,2
5,96,small,6.250000000000002e-06,2
5,97,small,0.0,2
5,98,small,0.0,2
5,99,small,0.0,2
5,100,small,0.0,2
6,0,large,0.6209189792206766,2
6,1,large,0.6207900561758062,2
6,2,large,0.620496361767996,2
6,3,large,0.6202273500820079,2
6,4,large,0.6199709403399959,2
6,5,large,0.6197132400722712,2
6,6,small,0.6197204120566104,2
6,7,small,0.6197559756871674,2
6,8,small,0.6197721746135173,2
6,9,small,0.6197730949468394,2
6,10,small,0.6197613877756013,2
6,11,small,0.6197379326967128,2
6,12,small,0.6197016636368462,2
6,13,small,0.619649531228118,2
6,14,small,0.6195765788490635,2
6,15,small,0.6194761120281199,2
6,16,small,0.6193451212981963,2
6,17,small,0.6191858619192483,2
6,18,small,0.6190040707287253,2
6,19,small,0.6188071913403072,2
6,20,small,0.6187126874631311,2
6,21,small,0.6190556652172152,2
6,22,small,0.6196685538202004,2
6,23,small,0.6203651243610794,2
6,24,small,0.6209423060627849,2
6,25,small,0.6211975772768181,2
6,26,small,0.6209196301825174,2
6,27,small,0.6204672482983095,2
6,28,small,0.6200961531405094,2
6,29,small,0.6197915016132833,2
6,30,small,0.6195272443508387,2
6,31,small,0.6192688311189427,2
6,32,small,0.6189762824395155,2
6,33,small,0.618606883053551,2
6,34,small,0.6181175312679742,2
6,35,small,0.6174667756092471,2
6,36,small,0.6167253066997229,2
6,37,small,0.6160006743402914,2
6,38,small,0.6153682469182665,2
6,39,small,0.6148696035719441,2
6,40,large,0.6168226099196112,2
6,41,large,0.6259152202988972,2
6,42,large,0.6319263258799023,2
6,43,large,0.6342965351786616,2
6,44,large,0.6324859400968939,2
6,45,large,0.6263030015574812,2
6,46,large,0.6153606882965023,2
6,47,small,0.6114196106141518,2
6,48,small,0.6126742499845066,2
6,49,small,0.6136984710687639,2
6,50,small,0.6142420991019477,2
6,51,small,0.6141005664810216,2
6,52,small,0.613125308850973,2
6,53,small,0.6112188953342601,2
6,54,small,0.608330495556438,2
6,55,small,0.6044516624347029,2
6,56,small,0.6018959285092409,2
6,57,small,0.601508027151658,2
6,58,small,0.6027196984777695,2
6,59,small,0.6048967366454948,2
6,60,small,0.6073421301385665,2
6,61,small,0.6093362548938728,2
6,62,small,0.6102495582322598,2
6,63,small,0.6095754721259616,2
6,64,small,0.6045064020247254,2
6,65,small,0.6188751447854527,2
6,66,small,0.6295834712242407,2
6,67,small,0.6360616392611818,2
6,68,small,0.6377670373916017,2
6,69,small,0.6341828927539063,2
6,70,small,0.6251146597656251,2
6,71,small,0.6112699140625,2
6,72,small,0.59362015625,2
6,73,small,0.5730906250000001,2
6,74,small,0.5505625000000001,2
6,75,small,0.5268750000000001,2
6,76,very_small,0.55078125,2
6,77,very_small,0.59375,2
6,78,very_small,0.626953125,2
6,79,very_small,0.6484375,2
6,80,very_small,0.65625,2
6,81,very_small,0.64921875,2
6,82,very_small,0.6285156249999999,2
6,83,very_small,0.5960937499999999,2
6,84,very_small,0.503125,2
6,85,convince,0.5,2
6,86,very_small,0.32109375000000007,2
6,87,very_small,0.23984375000000008,2
6,88,very_small,0.17062500000000005,2
6,89,very_small,0.11546874999999998,2
6,90,very_small,0.073671875,2
6,91,very_small,0.043593749999999994,2
6,92,very_small,0.023281250000000003,2
6,93,very_small,0.01078125,2
6,94,small,0.0043125,2
6,95,small,0.0016562500000000002,2
6,96,small,0.0005625000000000001,2
6,97,small,0.00012500000000000003,2
6,98,small,0.0,2
6,99,small,0.0,2
6,100,small,0.0,2
7,0,large,0.9640378015390939,2
7,1,large,0.9643267784308271,2
7,2,large,0.9644842732145035,2
7,3,large,0.9643414870229872,2
7,4,large,0.964210018872044,2
7,5,large,0.9640892718687113,2
7,6,large,0.9639785230650326,2
7,7,large,0.9638661922576297,2
7,8,small,0.9638721965685595,2
7,9,small,0.9638872955176465,2
7,10,small,0.963893840876,2
7,11,small,0.9638938127106323,2
7,12,small,0.9638884668156988,2
7,13,small,0.9638778066100546,2
7,14,small,0.9638601646685627,2
7,15,small,0.9638318804922398,2
7,16,small,0.9637874912395876,2
7,17,small,0.963725162335984,2
7,18,small,0.963646298737766,2
7,19,small,0.9635544417342821,2
7,20,small,0.9634626346228945,2
7,21,small,0.9634555707528765,2
7,22,small,0.9635260688810151,2
7,23,small,0.9636672691899054,2
7,24,small,0.9638736410033992,2
7,25,small,0.9641427455031594,2
7,26,small,0.9644681401843404,2
7,27,small,0.9646149161340604,2
7,28,small,0.9643862833610859,2
7,29,small,0.9641892744993859,2
7,30,small,0.9640247480430697,2
7,31,small,0.9638932494032812,2
7,32,small,0.9637815489170235,2
7,33,small,0.963664602497172,2
7,34,small,0.9635073258387247,2
7,35,small,0.963266196965782,2
7,36,small,0.9628997061865465,2
7,37,small,0.9624785842639146,2
7,38,small,0.9620690267734003,2
7,39,small,0.9617173016646045,2
7,40,large,0.9616264923951421,2
7,41,large,0.9633142933525162,2
7,42,large,0.9649360314437883,2
7,43,large,0.9664912753677103,2
7,44,large,0.9680010772732772,2
7,45,large,0.9695248354983591,2
7,46,large,0.9709760338079612,2
7,47,large,0.9675504351284611,2
7,48,small,0.9598136279015947,2
7,49,small,0.9602490972653852,2
7,50,small,0.9607342189167476,2
7,51,small,0.9612632766075143,2
7,52,small,0.9615475391918664,2
7,53,small,0.9613256741001407,2
7,54,small,0.9603617926697767,2
7,55,small,0.9584436195069302,2
7,56,small,0.9555698906018384,2
7,57,small,0.9540561458112745,2
7,58,small,0.9538778769631187,2
7,59,small,0.9546827994886844,2
7,60,small,0.9561171751082709,2
7,61,small,0.9578348096269247,2
7,62,small,0.9595636579780235,2
7,63,small,0.9607451504552604,2
7,64,small,0.960382286147867,2
7,65,small,0.9622688439503495,2
7,66,small,0.9640655656669996,2
7,67,small,0.9657767292066664,2
7,68,small,0.9674064087682537,2
7,69,small,0.968958484541194,2
7,70,small,0.9704366519439944,2
7,71,small,0.971844430422852,2
7,72,small,0.9672327908789066,2
7,73,small,0.9568883722656253,2
7,74,small,0.9410841640625003,2
7,75,small,0.9200801562500002,2
7,76,very_small,0.8980953125,2
7,77,very_small,0.92378125,2
7,78,very_small,0.9503125,2
7,79,very_small,0.9707812499999999,2
7,80,very_small,0.9848046875,2
7,81,very_small,0.9921875,2
7,82,very_small,0.994140625,2
7,83,very_small,0.984375,2
7,84,very_small,0.953125,2
7,85,very_small,0.90625,2
7,86,very_small,0.84375,2
7,87,very_small,0.765625,2
7,88,very_small,0.671875,2
7,89,very_small,0.5625,2
7,90,very_small,0.44375,2
7,91,very_small,0.334375,2
7,92,very_small,0.240625,2
7,93,very_small,0.1625,2
7,94,very_small,0.1,2
7,95,very_small,0.053125,2
7,96,very_small,0.021875,2
7,97,small,0.00875,2
7,98,small,0.0025000000000000005,2
7,99,small,0.0,2
7,100,small,0.0,2
8,0,small,1.0000000000000002,2
8,1,small,1.0000000000000002,2
8,2,small,1.0000000000000002,2
8,3,small,1.0000000000000002,2
8,4,small,1.0000000000000002,2
8,5,small,1.0000000000000002,2
8,6,small,1.0000000000000002,2
8,7,small,1.0000000000000002,2
8,8,small,1.0000000000000002,2
8,9,small,1.0000000000000002,2
8,10,small,1.0000000000000002,2
8,11,small,1.0000000000000002,2
8,12,small,1.0000000000000002,2
8,13,small,1.0000000000000002,2
8,14,small,1.0000000000000002,2
8,15,small,1.0000000000000002,2
8,16,small,1.0000000000000002,2
8,17,small,1.0000000000000002,2
8,18,small,1.0000000000000002,2
8,19,small,1.0000000000000002,2
8,20,small,1.0000000000000002,2
8,21,small,1.0000000000000002,2
8,22,small,1.0000000000000002,2
8,23,small,1.0000000000000002,2
8,24,small,1.0000000000000002,2
8,25,small,1.0000000000000002,2
8,26,small,1.0000000000000002,2
8,27,small,1.0000000000000002,2
8,28,small,1.0000000000000002,2
8,29,small,1.0000000000000002,2
8,30,small,1.0000000000000002,2
8,31,small,1.0000000000000002,2
8,32,small,1.0000000000000002,2
8,33,small,1.0000000000000002,2
8,34,small,1.0000000000000002,2
8,35,small,1.0000000000000002,2
8,36,small,1.0000000000000002,2
8,37,small,1.0000000000000002,2
8,38,small,1.0000000000000002,2
8,39,small,1.0000000000000002,2
8,40,small,1.0000000000000002,2
8,41,small,1.0000000000000002,2
8,42,small,1.0000000000000002,2
8,43,small,1.0000000000000002,2
8,44,small,1.0000000000000002,2
8,45,small,1.0000000000000002,2
8,46,small,1.0000000000000002,2
8,47,small,1.0000000000000002,2
8,48,small,1.0000000000000002,2
8,49,small,1.0000000000000002,2
8,50,small,1.0000000000000002,2
8,51,small,1.0000000000000002,2
8,52,small,1.0000000000000002,2
8,53,small,1.0000000000000002,2
8,54,small,1.0000000000000002,2
8,55,small,1.0000000000000002,2
8,56,small,1.0000000000000002,2
8,57,small,1.0000000000000002,2
8,58,small,1.0000000000000002,2
8,59,small,1.0000000000000002,2
8,60,small,1.0000000000000002,2
8,61,small,1.0000000000000002,2
8,62,small,1.0000000000000002,2
8,63,small,1.0000000000000002,2
8,64,small,1.0000000000000002,2
8,65,small,1.0000000000000002,2
8,66,small,1.0000000000000002,2
8,67,small,1.0000000000000002,2
8,68,small,1.0000000000000002,2
8,69,small,1.0000000000000002,2
8,70,small,1.0000000000000002,2
8,71,small,1.0000000000000002,2
8,72,small,1.0000000000000002,2
8,73,small,1.0000000000000002,2
8,74,small,1.0000000000000002,2
8,75,small,1.0000000000000002,2
8,76,small,1.0000000000000002,2
8,77,small,1.0000000000000002,2
8,78,small,1.0000000000000002,2
8,79,small,1.0000000000000002,2
8,80,small,1.0000000000000002,2
8,81,very_small,1.0,2
8,82,very_small,1.0,2
8,83,very_small,1.0,2
8,84,very_small,1.0,2
8,85,very_small,1.0,2
8,86,very_small,1.0,2
8,87,very_small,1.0,2
8,88,very_small,1.0,2
8,89,very_small,1.0,2
8,90,very_small,1.0,2
8,91,very_small,1.0,2
8,92,very_small,0.875,2
8,93,very_small,0.75,2
8,94,very_small,0.625,2
8,95,very_small,0.5,2
8,96,very_small,0.375,2
8,97,very_small,0.25,2
8,98,very_small,0.125,2
8,99,small,0.05,2
8,100,small,0.0,2
1,0,small,0.4995516294519159,3
1,1,small,0.49954994738723835,3
1,2,small,0.49954944223245784,3
1,3,small,0.4995500057151229,3
1,4,small,0.49955153720571455,3
1,5,small,0.49955394323526314,3
1,6,small,0.4995571370415765,3
1,7,small,0.4995610381424467,3
1,8,small,0.4995655719342962,3
1,9,small,0.49957066931480754,3
1,10,small,0.49957626632816293,3
1,11,small,0.49957119338049616,3
1,12,small,0.49956677044858455,3
1,13,small,0.49956298493751733,3
1,14,small,0.49955982217755623,3
1,15,small,0.4995572657360303,3
1,16,small,0.49954687085977373,3
1,17,small,0.4995347729080031,3
1,18,small,0.49952391446994476,3
1,19,small,0.499515145105561,3
1,20,small,0.4995082904777627,3
1,21,large,0.49951630609368847,3
1,22,large,0.49953933913684617,3
1,23,large,0.49956127536842493,3
1,24,large,0.49958216701754754,3
1,25,large,0.49960206382623573,3
1,26,large,0.4996210131678435,3
1,27,large,0.49963906015985093,3
1,28,large,0.4996562477712866,3
1,29,large,0.4996726169250348,3
1,30,large,0.4996882065952712,3
1,31,small,0.4994697344271593,3
1,32,small,0.49947831181035307,3
1,33,small,0.4994872747161742,3
1,34,small,0.4994965669783336,3
1,35,small,0.49950613690551143,3
1,36,small,0.49933897333464106,3
1,37,small,0.49929281387259034,3
1,38,small,0.49930674570877914,3
1,39,small,0.4993397578178849,3
1,40,small,0.4993711979217952,3
1,41,small,0.4994011408779002,3
1,42,small,0.4994296579789526,3
1,43,small,0.49945681712281204,3
1,44,small,0.4994826829741067,3
1,45,small,0.49950731711819696,3
1,46,small,0.4995307782078066,3
1,47,small,0.49955312210267305,3
1,48,small,0.49957440200254577,3
1,49,small,0.49959466857385304,3
1,50,small,0.49961397007033626,3
1,51,small,0.4996323524479393,3
1,52,small,0.49964985947422785,3
1,53,small,0.499666532832598,3
1,54,small,0.4996824122215219,3
1,55,small,0.4996975354490684,3
1,56,very_small,0.4959957019172325,3
1,57,very_small,0.4983696246315765,3
1,58,very_small,0.4995853824325561,3
1,59,very_small,0.5,3
1,60,very_small,0.5,3
1,61,very_small,0.5,3
1,62,very_small,0.5,3
1,63,very_small,0.5,3
1,64,very_small,0.5,3
1,65,very_small,0.5,3
1,66,very_small,0.5,3
1,67,convince,0.5,3
1,68,convince,0.5,3
1,69,convince,0.5,3
1,70,convince,0.5,3
1,71,convince,0.5,3
1,72,convince,0.5,3
1,73,convince,0.5,3
1,74,convince,0.5,3
1,75,convince,0.5,3
1,76,very_small,0.011680560546875,3
1,77,small,0.004727301757812501,3
1,78,small,0.0014517089843750003,3
1,79,small,0.00013108183593750006,3
1,80,small,6.045468750000001e-05,3
1,81,small,2.8137109375000005e-05,3
1,82,small,1.3571728515625e-05,3
1,83,small,6.743164062500003e-06,3
1,84,small,3.1325683593750005e-06,3
1,85,small,1.3460937500000001e-06,3
1,86,small,5.291992187500001e-07,3
1,87,small,1.8818359375000005e-07,3
1,88,small,5.957031250000002e-08,3
1,89,small,1.6113281250000005e-08,3
1,90,small,3.3203125000000013e-09,3
1,91,small,3.906250000000002e-10,3
1,92,small,0.0,3
1,93,small,0.0,3
1,94,small,0.0,3
1,95,small,0.0,3
1,96,small,0.0,3
1,97,small,0.0,3
1,98,small,0.0,3
1,99,small,0.0,3
1,100,small,0.0,3
2,0,large,0.5000000000000008,3
2,1,large,0.5000000000000008,3
2,2,large,0.5000000000000008,3
2,3,large,0.5000000000000008,3
2,4,large,0.5000000000000008,3
2,5,large,0.5000000000000008,3
2,6,large,0.5000000000000008,3
2,7,large,0.5000000000000008,3
2,8,large,0.5000000000000008,3
2,9,large,0.5000000000000008,3
2,10,large,0.5000000000000007,3
2,11,large,0.5000000000000007,3
2,12,large,0.5000000000000006,3
2,13,large,0.5000000000000006,3
2,14,small,0.5000000000000004,3
2,15,large,0.5000000000000004,3
2,16,small,0.5000000000000003,3
2,17,small,0.5000000000000003,3
2,18,small,0.5000000000000003,3
2,19,small,0.5000000000000003,3
2,20,small,0.5000000000000003,3
2,21,small,0.5000000000000003,3
2,22,small,0.5000000000000003,3
2,23,small,0.5000000000000003,3
2,24,small,0.5000000000000003,3
2,25,small,0.5000000000000003,3
2,26,small,0.5000000000000003,3
2,27,small,0.5000000000000003,3
2,28,small,0.5000000000000003,3
2,29,small,0.5000000000000003,3
2,30,small,0.5000000000000003,3
2,31,small,0.5000000000000003,3
2,32,small,0.5000000000000003,3
2,33,small,0.5000000000000003,3
2,34,small,0.5000000000000003,3
2,35,small,0.5000000000000003,3
2,36,small,0.5000000000000003,3
2,37,small,0.5000000000000003,3
2,38,small,0.5000000000000003,3
2,39,small,0.5000000000000003,3
2,40,small,0.5000000000000003,3
2,41,small,0.5000000000000003,3
2,42,small,0.5000000000000003,3
2,43,small,0.5000000000000003,3
2,44,small,0.5000000000000003,3
2,45,small,0.5000000000000003,3
2,46,small,0.5000000000000003,3
2,47,small,0.5000000000000003,3
2,48,small,0.5000000000000003,3
2,49,small,0.5000000000000003,3
2,50,small,0.5000000000000003,3
2,51,small,0.5000000000000003,3
2,52,small,0.5000000000000003,3
2,53,small,0.5000000000000003,3
2,54,small,0.5000000000000002,3
2,55,small,0.5000000000000002,3
2,56,small,0.5000000000000002,3
2,57,small,0.5000000000000002,3
2,58,small,0.5000000000000001,3
2,59,small,0.5000000000000001,3
2,60,small,0.5000000000000001,3
2,61,very_small,0.5,3
2,62,very_small,0.5,3
2,63,very_small,0.5,3
2,64,very_small,0.5,3
2,65,very_small,0.5,3
2,66,very_small,0.5,3
2,67,very_small,0.5,3
2,68,very_small,0.5,3
2,69,very_small,0.5,3
2,70,very_small,0.5,3
2,71,very_small,0.5,3
2,72,convince,0.5,3
2,73,convince,0.5,3
2,74,convince,0.5,3
2,75,convince,0.5,3
2,76,very_small,0.190456669921875,3
2,77,very_small,0.127992783203125,3
2,78,very_small,0.06551185546875,3
2,79,small,0.026412542968749998,3
2,80,small,0.0014125429687500003,3
2,81,small,0.0006463515625000001,3
2,82,small,0.0002913076171875001,3
2,83,small,0.0001365712890625,3
2,84,small,7.22119140625e-05,3
2,85,small,3.5729492187500015e-05,3
2,86,small,1.6337890625000002e-05,3
2,87,small,6.820312500000001e-06,3
2,88,small,2.5722656250000005e-06,3
2,89,small,8.691406250000002e-07,3
2,90,small,2.558593750000001e-07,3
2,91,small,5.859375000000002e-08,3
2,92,small,7.812500000000003e-09,3
2,93,small,0.0,3
2,94,small,0.0,3
2,95,small,0.0,3
2,96,small,0.0,3
2,97,small,0.0,3
2,98,small,0.0,3
2,99,small,0.0,3
2,100,small,0.0,3
3,0,small,0.49956036630038747,3
3,1,small,0.49955978926237843,3
3,2,small,0.49955866536410604,3
3,3,small,0.4995570794865717,3
3,4,small,0.4995551528062027,3
3,5,small,0.4995529924525822,3
3,6,small,0.49955131548623927,3
3,7,small,0.4995508118535331,3
3,8,small,0.4995513736110479,3
3,9,small,0.49955290043507256,3
3,10,small,0.4995552991406842,3
3,11,small,0.4995584832293554,3
3,12,small,0.49956237246345775,3
3,13,small,0.49956689246612773,3
3,14,small,0.4995719743450436,3
3,15,small,0.4995775543387427,3
3,16,small,0.49957249682205657,3
3,17,small,0.49956808734391955,3
3,18,small,0.4995643133478272,3
3,19,small,0.4995611602087449,3
3,20,small,0.4995586115440559,3
3,21,small,0.4995482485021969,3
3,22,small,0.49953618739865807,3
3,23,small,0.49952536193588537,3
3,24,small,0.49951661919882206,3
3,25,small,0.4995097853801731,3
3,26,large,0.4995177761593806,3
3,27,large,0.49954073919941,3
3,28,large,0.49956260876134284,3
3,29,large,0.49958343691556456,3
3,30,large,0.49960327325291864,3
3,31,large,0.4996221650027797,3
3,32,large,0.4996401571455044,3
3,33,large,0.499657292519528,3
3,34,large,0.49967361192335996,3
3,35,large,0.49968915421272375,3
3,36,small,0.4994713464883338,3
3,37,small,0.49947989778117924,3
3,38,small,0.4994888334259796,3
3,39,small,0.4994980974271002,3
3,40,small,0.49950763825027744,3
3,41,small,0.49934098766501556,3
3,42,small,0.49929496532788176,3
3,43,small,0.4993088526804324,3
3,44,small,0.4993417644575547,3
3,45,small,0.4993731090071949,3
3,46,small,0.4994029609592333,3
3,47,small,0.499431391389746,3
3,48,small,0.49945846799023436,3
3,49,small,0.49948425522879464,3
3,50,small,0.49950881450361395,3
3,51,small,0.4995322042891562,3
3,52,small,0.49955448027538685,3
3,53,small,0.49957569550036846,3
3,54,small,0.49959590047654134,3
3,55,small,0.4996151433109917,3
3,56,small,0.4996334698199921,3
3,57,small,0.4996509236380877,3
3,58,small,0.49966754632198834,3
3,59,small,0.4996833774495127,3
3,60,small,0.49969845471382157,3
3,61,very_small,0.49600797595977786,3
3,62,very_small,0.4983745185852051,3
3,63,very_small,0.4995865997314453,3
3,64,very_small,0.5,3
3,65,very_small,0.5,3
3,66,very_small,0.5,3
3,67,very_small,0.5,3
3,68,very_small,0.5,3
3,69,very_small,0.5,3
3,70,very_small,0.5,3
3,71,very_small,0.5,3
3,72,convince,0.5,3
3,73,convince,0.5,3
3,74,convince,0.5,3
3,75,convince,0.5,3
3,76,convince,0.5,3
3,77,convince,0.5,3
3,78,convince,0.5,3
3,79,convince,0.5,3
3,80,convince,0.5,3
3,81,very_small,0.015323828125,3
3,82,small,0.007100878906250001,3
3,83,small,0.0030947265625000005,3
3,84,small,0.0012871875,3
3,85,small,0.0007296484375,3
3,86,small,0.00038783203125,3
3,87,small,0.0001903515625,3
3,88,small,8.496093750000001e-05,3
3,89,small,3.40625e-05,3
3,90,small,1.2265625000000003e-05,3
3,91,small,3.945312500000001e-06,3
3,92,small,1.0156250000000003e-06,3
3,93,small,1.5625000000000007e-07,3
3,94,small,0.0,3
3,95,small,0.0,3
3,96,small,0.0,3
3,97,small,0.0,3
3,98,small,0.0,3
3,99,small,0.0,3
3,100,small,0.0,3
4,0,large,0.5000000000000008,3
4,1,large,0.5000000000000008,3
4,2,large,0.5000000000000008,3
4,3,large,0.5000000000000008,3
4,4,large,0.5000000000000008,3
4,5,large,0.5000000000000008,3
4,6,large,0.5000000000000008,3
4,7,large,0.5000000000000008,3
4,8,large,0.5000000000000008,3
4,9,large,0.5000000000000008,3
4,10,large,0.5000000000000008,3
4,11,large,0.5000000000000008,3
4,12,large,0.5000000000000008,3
4,13,large,0.5000000000000008,3
4,14,large,0.5000000000000008,3
4,15,large,0.5000000000000007,3
4,16,large,0.5000000000000007,3
4,17,large,0.5000000000000006,3
4,18,large,0.5000000000000006,3
4,19,small,0.5000000000000004,3
4,20,large,0.5000000000000004,3
4,21,small,0.5000000000000003,3
4,22,small,0.5000000000000003,3
4,23,small,0.5000000000000003,3
4,24,small,0.5000000000000003,3
4,25,small,0.5000000000000003,3
4,26,small,0.5000000000000003,3
4,27,small,0.5000000000000003,3
4,28,small,0.5000000000000003,3
4,29,small,0.5000000000000003,3
4,30,small,0.5000000000000003,3
4,31,small,0.5000000000000003,3
4,32,small,0.5000000000000003,3
4,33,small,0.5000000000000003,3
4,34,small,0.5000000000000003,3
4,35,small,0.5000000000000003,3
4,36,small,0.5000000000000003,3
4,37,small,0.5000000000000003,3
4,38,small,0.5000000000000003,3
4,39,small,0.5000000000000003,3
4,40,small,0.5000000000000003,3
4,41,small,0.5000000000000003,3
4,42,small,0.5000000000000003,3
4,43,small,0.5000000000000003,3
4,44,small,0.5000000000000003,3
4,45,small,0.5000000000000003,3
4,46,small,0.5000000000000003,3
4,47,small,0.5000000000000003,3
4,48,small,0.5000000000000003,3
4,49,small,0.5000000000000003,3
4,50,small,0.5000000000000003,3
4,51,small,0.5000000000000003,3
4,52,small,0.5000000000000003,3
4,53,small,0.5000000000000003,3
4,54,small,0.5000000000000003,3
4,55,small,0.5000000000000003,3
4,56,small,0.5000000000000003,3
4,57,small,0.5000000000000003,3
4,58,small,0.5000000000000003,3
4,59,small,0.5000000000000002,3
4,60,small,0.5000000000000002,3
4,61,small,0.5000000000000002,3
4,62,small,0.5000000000000002,3
4,63,small,0.5000000000000001,3
4,64,small,0.5000000000000001,3
4,65,small,0.5000000000000001,3
4,66,very_small,0.5,3
4,67,very_small,0.5,3
4,68,very_small,0.5,3
4,69,very_small,0.5,3
4,70,very_small,0.5,3
4,71,very_small,0.5,3
4,72,very_small,0.5,3
4,73,very_small,0.5,3
4,74,very_small,0.5,3
4,75,very_small,0.5,3
4,76,very_small,0.5,3
4,77,convince,0.5,3
4,78,convince,0.5,3
4,79,convince,0.5,3
4,80,convince,0.5,3
4,81,very_small,0.20427148437499998,3
4,82,very_small,0.14235351562499998,3
4,83,very_small,0.080123046875,3
4,84,small,0.03615078125000001,3
4,85,small,0.011150781250000002,3
4,86,small,0.006836328124999999,3
4,87,small,0.0039496093749999996,3
4,88,small,0.0021078125000000003,3
4,89,small,0.0010179687500000002,3
4,90,small,0.00043593749999999996,3
4,91,small,0.00016640625000000002,3
4,92,small,5.859375000000001e-05,3
4,93,small,1.7187500000000004e-05,3
4,94,small,3.125000000000001e-06,3
4,95,small,0.0,3
4,96,small,0.0,3
4,97,small,0.0,3
4,98,small,0.0,3
4,99,small,0.0,3
4,100,small,0.0,3
5,0,large,0.49958452623272515,3
5,1,small,0.4995838408871086,3
5,2,small,0.4995842125845684,3
5,3,small,0.49958439667747406,3
5,4,small,0.4995844300504392,3
5,5,small,0.49958434709418126,3
5,6,small,0.49958380172343825,3
5,7,small,0.49958273937390096,3
5,8,small,0.49958124020674466,3
5,9,small,0.49957941879231904,3
5,10,small,0.49957737642004135,3
5,11,small,0.4995757906706669,3
5,12,small,0.49957531427515567,3
5,13,small,0.49957584517656245,3
5,14,small,0.49957728852210914,3
5,15,small,0.499579556208496,3
5,16,small,0.49958256645417903,3
5,17,small,0.4995862433970794,3
5,18,small,0.49959051671627,3
5,19,small,0.49959532127626993,3
5,20,small,0.49960059679265023,3
5,21,small,0.4995958153296263,3
5,22,small,0.4995916465337658,3
5,23,small,0.49958807853558596,3
5,24,small,0.4995850975097416,3
5,25,small,0.4995826879690231,3
5,26,small,0.4995728943085777,3
5,27,small,0.4995614923831542,3
5,28,small,0.499551256863619,3
5,29,small,0.49954299050380563,3
5,30,small,0.4995365289744878,3
5,31,large,0.4995440756831779,3
5,32,large,0.4995657863649313,3
5,33,large,0.4995864632046964,3
5,34,large,0.4996061554330442,3
5,35,large,0.4996249099362326,3
5,36,large,0.4996427713678405,3
5,37,large,0.49965978225508617,3
5,38,large,0.49967598310008204,3
5,39,large,0.4996914124762686,3
5,40,large,0.49970610712025576,3
5,41,small,0.49950018606914875,3
5,42,small,0.49950827061655584,3
5,43,small,0.4995167185719896,3
5,44,small,0.4995254769928547,3
5,45,small,0.4995344971546533,3
5,46,small,0.49937702109966986,3
5,47,small,0.49933345387468553,3
5,48,small,0.49934654647291477,3
5,49,small,0.4993776633075379,3
5,50,small,0.49940729838813136,3
5,51,small,0.4994355222744109,3
5,52,small,0.49946240216610566,3
5,53,small,0.4994880020629578,3
5,54,small,0.49951238291710265,3
5,55,small,0.49953560277819303,3
5,56,small,0.4995577169316124,3
5,57,small,0.4995787780301071,3
5,58,small,0.49959883621914963,3
5,59,small,0.49961793925633297,3
5,60,small,0.499636132625079,3
5,61,small,0.49965345964293234,3
5,62,small,0.4996699615646975,3
5,63,small,0.49968567768066424,3
5,64,small,0.49970064541015646,3
5,65,small,0.49971490039062516,3
5,66,very_small,0.4962275,3
5,67,very_small,0.498462109375,3
5,68,very_small,0.4996083984375,3
5,69,very_small,0.5,3
5,70,very_small,0.5,3
5,71,very_small,0.5,3
5,72,very_small,0.5,3
5,73,very_small,0.5,3
5,74,very_small,0.5,3
5,75,very_small,0.5,3
5,76,very_small,0.5,3
5,77,convince,0.5,3
5,78,convince,0.5,3
5,79,convince,0.5,3
5,80,convince,0.5,3
5,81,convince,0.5,3
5,82,convince,0.5,3
5,83,convince,0.5,3
5,84,convince,0.5,3
5,85,convince,0.5,3
5,86,very_small,0.08628906250000003,3
5,87,very_small,0.05773437499999999,3
5,88,very_small,0.0368359375,3
5,89,very_small,0.021796874999999997,3
5,90,very_small,0.011640625000000002,3
5,91,very_small,0.005390625,3
5,92,small,0.00215625,3
5,93,small,0.0008281250000000001,3
5,94,small,0.00028125000000000003,3
5,95,small,6.250000000000001e-05,3
5,96,small,0.0,3
5,97,small,0.0,3
5,98,small,0.0,3
5,99,small,0.0,3
5,100,small,0.0,3
6,0,large,0.5000000000000008,3
6,1,large,0.5000000000000008,3
6,2,large,0.5000000000000008,3
6,3,large,0.5000000000000008,3
6,4,large,0.5000000000000008,3
6,5,large,0.5000000000000008,3
6,6,large,0.5000000000000008,3
6,7,large,0.5000000000000008,3
6,8,large,0.5000000000000008,3
6,9,large,0.5000000000000008,3
6,10,large,0.5000000000000008,3
6,11,large,0.5000000000000008,3
6,12,large,0.5000000000000008,3
6,13,large,0.5000000000000008,3
6,14,large,0.5000000000000008,3
6,15,large,0.5000000000000008,3
6,16,large,0.5000000000000008,3
6,17,large,0.5000000000000008,3
6,18,large,0.5000000000000008,3
6,19,large,0.5000000000000008,3
6,20,large,0.5000000000000007,3
6,21,large,0.5000000000000007,3
6,22,large,0.5000000000000006,3
6,23,large,0.5000000000000006,3
6,24,small,0.5000000000000004,3
6,25,large,0.5000000000000004,3
6,26,small,0.5000000000000003,3
6,27,small,0.5000000000000003,3
6,28,small,0.5000000000000003,3
6,29,small,0.5000000000000003,3
6,30,small,0.5000000000000003,3
6,31,small,0.5000000000000003,3
6,32,small,0.5000000000000003,3
6,33,small,0.5000000000000003,3
6,34,small,0.5000000000000003,3
6,35,small,0.5000000000000003,3
6,36,small,0.5000000000000003,3
6,37,small,0.5000000000000003,3
6,38,small,0.5000000000000003,3
6,39,small,0.5000000000000003,3
6,40,small,0.5000000000000003,3
6,41,small,0.5000000000000003,3
6,42,small,0.5000000000000003,3
6,43,small,0.5000000000000003,3
6,44,small,0.5000000000000003,3
6,45,small,0.5000000000000003,3
6,46,small,0.5000000000000003,3
6,47,small,0.5000000000000003,3
6,48,small,0.5000000000000003,3
6,49,small,0.5000000000000003,3
6,50,small,0.5000000000000003,3
6,51,small,0.5000000000000003,3
6,52,small,0.5000000000000003,3
6,53,small,0.5000000000000003,3
6,54,small,0.5000000000000003,3
6,55,small,0.5000000000000003,3
6,56,small,0.5000000000000003,3
6,57,small,0.5000000000000003,3
6,58,small,0.5000000000000003,3
6,59,small,0.5000000000000003,3
6,60,small,0.5000000000000003,3
6,61,small,0.5000000000000003,3
6,62,small,0.5000000000000003,3
6,63,small,0.5000000000000003,3
6,64,small,0.5000000000000002,3
6,65,small,0.5000000000000002,3
6,66,small,0.5000000000000002,3
6,67,small,0.5000000000000002,3
6,68,small,0.5000000000000001,3
6,69,small,0.5000000000000001,3
6,70,small,0.5000000000000001,3
6,71,very_small,0.5,3
6,72,very_small,0.5,3
6,73,very_small,0.5,3
6,74,very_small,0.5,3
6,75,very_small,0.5,3
6,76,very_small,0.5,3
6,77,very_small,0.5,3
6,78,very_small,0.5,3
6,79,very_small,0.5,3
6,80,very_small,0.5,3
6,81,very_small,0.5,3
6,82,convince,0.5,3
6,83,convince,0.5,3
6,84,convince,0.5,3
6,85,convince,0.5,3
6,86,very_small,0.34375,3
6,87,very_small,0.2890625,3
6,88,very_small,0.2296875,3
6,89,very_small,0.1671875,3
6,90,very_small,0.1203125,3
6,91,very_small,0.08125,3
6,92,very_small,0.05,3
6,93,very_small,0.0265625,3
6,94,very_small,0.0109375,3
6,95,small,0.004375,3
6,96,small,0.0012500000000000002,3
6,97,small,0.0,3
6,98,small,0.0,3
6,99,small,0.0,3
6,100,small,0.0,3
7,0,large,0.5000000000000009,3
7,1,large,0.5000000000000009,3
7,2,large,0.5000000000000009,3
7,3,large,0.5000000000000009,3
7,4,large,0.5000000000000009,3
7,5,large,0.5000000000000008,3
7,6,large,0.5000000000000008,3
7,7,large,0.5000000000000008,3
7,8,large,0.5000000000000008,3
7,9,large,0.5000000000000008,3
7,10,large,0.5000000000000008,3
7,11,large,0.5000000000000008,3
7,12,large,0.5000000000000008,3
7,13,large,0.5000000000000008,3
7,14,large,0.5000000000000008,3
7,15,large,0.5000000000000008,3
7,16,large,0.5000000000000008,3
7,17,large,0.5000000000000008,3
7,18,large,0.5000000000000008,3
7,19,large,0.5000000000000008,3
7,20,large,0.5000000000000008,3
7,21,large,0.5000000000000008,3
7,22,large,0.5000000000000008,3
7,23,large,0.5000000000000008,3
7,24,large,0.5000000000000008,3
7,25,large,0.5000000000000008,3
7,26,large,0.5000000000000008,3
7,27,large,0.5000000000000008,3
7,28,large,0.5000000000000007,3
7,29,large,0.5000000000000007,3
7,30,large,0.5000000000000006,3
7,31,large,0.5000000000000006,3
7,32,small,0.5000000000000004,3
7,33,large,0.5000000000000004,3
7,34,small,0.5000000000000003,3
7,35,small,0.5000000000000003,3
7,36,small,0.5000000000000003,3
7,37,small,0.5000000000000003,3
7,38,small,0.5000000000000003,3
7,39,small,0.5000000000000003,3
7,40,small,0.5000000000000003,3
7,41,small,0.5000000000000003,3
7,42,small,0.5000000000000003,3
7,43,small,0.5000000000000003,3
7,44,small,0.5000000000000003,3
7,45,small,0.5000000000000003,3
7,46,small,0.5000000000000003,3
7,47,small,0.5000000000000003,3
7,48,small,0.5000000000000003,3
7,49,small,0.5000000000000003,3
7,50,small,0.5000000000000003,3
7,51,small,0.5000000000000003,3
7,52,small,0.5000000000000003,3
7,53,small,0.5000000000000003,3
7,54,small,0.5000000000000003,3
7,55,small,0.5000000000000003,3
7,56,small,0.5000000000000003,3
7,57,small,0.5000000000000003,3
7,58,small,0.5000000000000003,3
7,59,small,0.5000000000000003,3
7,60,small,0.5000000000000003,3
7,61,small,0.5000000000000003,3
7,62,small,0.5000000000000003,3
7,63,small,0.5000000000000003,3
7,64,small,0.5000000000000003,3
7,65,small,0.5000000000000003,3
7,66,small,0.5000000000000003,3
7,67,small,0.5000000000000003,3
7,68,small,0.5000000000000003,3
7,69,small,0.5000000000000003,3
7,70,small,0.5000000000000003,3
7,71,small,0.5000000000000003,3
7,72,small,0.5000000000000002,3
7,73,small,0.5000000000000002,3
7,74,small,0.5000000000000002,3
7,75,small,0.5000000000000002,3
7,76,small,0.5000000000000001,3
7,77,small,0.5000000000000001,3
7,78,small,0.5000000000000001,3
7,79,very_small,0.5,3
7,80,very_small,0.5,3
7,81,very_small,0.5,3
7,82,very_small,0.5,3
7,83,very_small,0.5,3
7,84,very_small,0.5,3
7,85,very_small,0.5,3
7,86,very_small,0.5,3
7,87,very_small,0.5,3
7,88,very_small,0.5,3
7,89,very_small,0.5,3
7,90,convince,0.5,3
7,91,very_small,0.375,3
7,92,very_small,0.3125,3
7,93,very_small,0.25,3
7,94,very_small,0.1875,3
7,95,very_small,0.125,3
7,96,very_small,0.0625,3
7,97,small,0.025,3
7,98,small,0.0,3
7,99,small,0.0,3
7,100,small,0.0,3
8,0,large,0.5000000000000009,3
8,1,large,0.5000000000000009,3
8,2,large,0.5000000000000009,3
8,3,large,0.5000000000000009,3
8,4,large,0.5000000000000008,3
8,5,large,0.5000000000000008,3
8,6,large,0.5000000000000008,3
8,7,large,0.5000000000000008,3
8,8,large,0.5000000000000008,3
8,9,large,0.5000000000000008,3
8,10,large,0.5000000000000008,3
8,11,large,0.5000000000000008,3
8,12,large,0.5000000000000008,3
8,13,large,0.5000000000000008,3
8,14,large,0.5000000000000008,3
8,15,large,0.5000000000000008,3
8,16,large,0.5000000000000008,3
8,17,large,0.5000000000000008,3
8,18,large,0.5000000000000008,3
8,19,large,0.5000000000000008,3
8,20,large,0.5000000000000008,3
8,21,large,0.5000000000000008,3
8,22,large,0.5000000000000008,3
8,23,large,0.5000000000000008,3
8,24,large,0.5000000000000008,3
8,25,large,0.5000000000000008,3
8,26,large,0.5000000000000008,3
8,27,large,0.5000000000000007,3
8,28,large,0.5000000000000007,3
8,29,large,0.5000000000000006,3
8,30,large,0.5000000000000006,3
8,31,small,0.5000000000000004,3
8,32,large,0.5000000000000004,3
8,33,small,0.5000000000000003,3
8,34,small,0.5000000000000003,3
8,35,small,0.5000000000000003,3
8,36,small,0.5000000000000003,3
8,37,small,0.5000000000000003,3
8,38,small,0.5000000000000003,3
8,39,small,0.5000000000000003,3
8,40,small,0.5000000000000003,3
8,41,small,0.5000000000000003,3
8,42,small,0.5000000000000003,3
8,43,small,0.5000000000000003,3
8,44,small,0.5000000000000003,3
8,45,small,0.5000000000000003,3
8,46,small,0.5000000000000003,3
8,47,small,0.5000000000000003,3
8,48,small,0.5000000000000003,3
8,49,small,0.5000000000000003,3
8,50,small,0.5000000000000003,3
8,51,small,0.5000000000000003,3
8,52,small,0.5000000000000003,3
8,53,small,0.5000000000000003,3
8,54,small,0.5000000000000003,3
8,55,small,0.5000000000000003,3
8,56,small,0.5000000000000003,3
8,57,small,0.5000000000000003,3
8,58,small,0.5000000000000003,3
8,59,small,0.5000000000000003,3
8,60,small,0.5000000000000003,3
8,61,small,0.5000000000000003,3
8,62,small,0.5000000000000003,3
8,63,small,0.5000000000000003,3
8,64,small,0.5000000000000003,3
8,65,small,0.5000000000000003,3
8,66,small,0.5000000000000003,3
8,67,small,0.5000000000000003,3
8,68,small,0.5000000000000003,3
8,69,small,0.5000000000000003,3
8,70,small,0.5000000000000003,3
8,71,small,0.5000000000000002,3
8,72,small,0.5000000000000002,3
8,73,small,0.5000000000000002,3
8,74,small,0.5000000000000002,3
8,75,small,0.5000000000000001,3
8,76,small,0.5000000000000001,3
8,77,small,0.5000000000000001,3
8,78,very_small,0.5,3
8,79,very_small,0.5,3
8,80,very_small,0.5,3
8,81,very_small,0.5,3
8,82,very_small,0.5,3
8,83,very_small,0.5,3
8,84,very_small,0.5,3
8,85,very_small,0.5,3
8,86,very_small,0.5,3
8,87,very_small,0.5,3
8,88,very_small,0.5,3
8,89,convince,0.5,3
8,90,convince,0.5,3
8,91,convince,0.5,3
8,92,convince,0.5,3
8,93,convince,0.5,3
8,94,convince,0.5,3
8,95,convince,0.5,3
8,96,convince,0.5,3
8,97,convince,0.5,3
8,98,convince,0.5,3
8,99,small,0.0,3
8,100,small,0.0,3
9,0,small,0.4648024541870639,3
9,1,small,0.4647955386140947,3
9,2,small,0.464787247820055,3
9,3,small,0.46477744380510627,3
9,4,large,0.4647710872312487,3
9,5,large,0.46497608747096225,3
9,6,large,0.46505299845161396,3
9,7,large,0.4649848565042164,3
9,8,large,0.4649239798505062,3
9,9,large,0.46487030278699204,3
9,10,large,0.4648235921556184,3
9,11,large,0.46477240440673895,3
9,12,small,0.46471995463621657,3
9,13,small,0.46472950008973957,3
9,14,small,0.46473481159419894,3
9,15,small,0.4647370824035173,3
9,16,small,0.4647368706368646,3
9,17,small,0.46473356306529134,3
9,18,small,0.46472494918191154,3
9,19,small,0.4647097522894293,3
9,20,small,0.4646870607469542,3
9,21,small,0.4646572271547126,3
9,22,small,0.46462143193925887,3
9,23,small,0.46458136350613255,3
9,24,small,0.46453900317426766,3
9,25,small,0.464496440678048,3
9,26,small,0.4644814354932833,3
9,27,small,0.46453371702176927,3
9,28,small,0.4646492957984733,3
9,29,small,0.4648261131355536,3
9,30,small,0.4650662510532329,3
9,31,small,0.4651343403447452,3
9,32,small,0.46501888341694536,3
9,33,small,0.46492040916020044,3
9,34,small,0.46484104168338647,3
9,35,small,0.46478249858988424,3
9,36,small,0.4647326353038118,3
9,37,small,0.4646674116338268,3
9,38,small,0.4645526715143152,3
9,39,small,0.46440581443978396,3
9,40,small,0.4642332298974522,3
9,41,small,0.4640605553098803,3
9,42,small,0.46390552763018666,3
9,43,small,0.4637799948436047,3
9,44,small,0.463691796536969,3
9,45,small,0.4636451907536554,3
9,46,large,0.4641813317979878,3
9,47,large,0.4655793475914903,3
9,48,large,0.46696087133255476,3
9,49,large,0.4683624598771584,3
9,50,large,0.4698690094068176,3
9,51,large,0.4664961261749911,3
9,52,small,0.4627097448609483,3
9,53,small,0.4629509240253019,3
9,54,small,0.46325369214710727,3
9,55,small,0.4636116367198398,3
9,56,small,0.46373536958236394,3
9,57,small,0.4633629382341265,3
9,58,small,0.46225786912408323,3
9,59,small,0.46146867294915944,3
9,60,small,0.4607815390508178,3
9,61,small,0.46060706355844255,3
9,62,small,0.4608049740363144,3
9,63,small,0.461269339111966,3
9,64,small,0.4619278304042534,3
9,65,small,0.4627130750873842,3
9,66,small,0.46365158936893736,3
9,67,small,0.4640803827323213,3
9,68,small,0.4635586978403059,3
9,69,small,0.46082971222886276,3
9,70,small,0.4626949640274884,3
9,71,small,0.4644713943118937,3
9,72,small,0.46616323267799403,3
9,73,small,0.4677745073123753,3
9,74,small,0.4693090545832146,3
9,75,small,0.4707705281744901,3
9,76,small,0.46621002683284773,3
9,77,small,0.4559143112693788,3
9,78,small,0.4401564869232179,3
9,79,very_small,0.4456847494506836,3
9,80,very_small,0.4470388610839844,3
9,81,very_small,0.4571175537109375,3
9,82,very_small,0.46476318359375,3
9,83,very_small,0.470556640625,3
9,84,very_small,0.47509765625,3
9,85,very_small,0.47841796875,3
9,86,very_small,0.482421875,3
9,87,very_small,0.47265625,3
9,88,very_small,0.453125,3
9,89,very_small,0.40625,3
9,90,convince,0.5,3
9,91,convince,0.5,3
9,92,convince,0.5,3
9,93,convince,0.5,3
9,94,convince,0.5,3
9,95,convince,0.5,3
9,96,very_small,0.021875,3
9,97,small,0.00875,3
9,98,small,0.0025000000000000005,3
9,99,small,0.0,3
9,100,small,0.0,3
10,0,small,0.863462848413678,3
10,1,small,0.8634525476974689,3
10,2,small,0.8634419289021152,3
10,3,small,0.8634305066564122,3
10,4,small,0.8634178004775636,3
10,5,small,0.8634032351851699,3
10,6,small,0.8633869941504276,3
10,7,small,0.8633678544074928,3
10,8,small,0.8633456132665499,3
10,9,large,0.8634563251958849,3
10,10,large,0.8641536586373383,3
10,11,large,0.8639544461966626,3
10,12,large,0.8637741699082505,3
10,13,large,0.8636181028434149,3
10,14,large,0.8634864446509338,3
10,15,large,0.863378482469478,3
10,16,large,0.863205043707818,3
10,17,small,0.8632302880059293,3
10,18,small,0.8632466272680698,3
10,19,small,0.8632532287667851,3
10,20,small,0.8632536698797936,3
10,21,small,0.8632465333732875,3
10,22,small,0.8632295529950408,3
10,23,small,0.8632020617423506,3
10,24,small,0.8631636769005904,3
10,25,small,0.863111929337298,3
10,26,small,0.8630621734555811,3
10,27,small,0.8629850595487925,3
10,28,small,0.8629007904476951,3
10,29,small,0.8628138891330406,3
10,30,small,0.8627293439362576,3
10,31,small,0.8626537774519285,3
10,32,small,0.8627244346817057,3
10,33,small,0.8630452963499383,3
10,34,small,0.8636141768352446,3
10,35,small,0.8644394331102725,3
10,36,small,0.8641113563182922,3
10,37,small,0.8638187485866219,3
10,38,small,0.8635734125108769,3
10,39,small,0.8633852587410937,3
10,40,small,0.8632624921399651,3
10,41,small,0.8631038032431627,3
10,42,small,0.8628899454301062,3
10,43,small,0.862652236688547,3
10,44,small,0.8623959800653899,3
10,45,small,0.8620769780714482,3
10,46,large,0.8620670558212433,3
10,47,small,0.8614427814130168,3
10,48,small,0.8612154084257454,3
10,49,small,0.8610758628399534,3
10,50,small,0.8610384400005956,3
10,51,small,0.8611424477653492,3
10,52,large,0.8641375792772461,3
10,53,large,0.8694625297145933,3
10,54,large,0.8749917865413709,3
10,55,large,0.8809445586108294,3
10,56,small,0.8575498204786888,3
10,57,small,0.8579665939532157,3
10,58,small,0.8586666909959767,3
10,59,small,0.859622183345429,3
10,60,small,0.8608071601173914,3
10,61,small,0.8599300253071139,3
10,62,small,0.8586127891689774,3
10,63,small,0.8578980618573595,3
10,64,small,0.8572708476022471,3
10,65,small,0.8556969381926164,3
10,66,small,0.8552210423263013,3
10,67,small,0.8556048617393346,3
10,68,small,0.8566679486803187,3
10,69,small,0.8582849511241131,3
10,70,small,0.8602899832134411,3
10,71,small,0.8632226030604201,3
10,72,small,0.8615512886289715,3
10,73,small,0.8562393225037822,3
10,74,small,0.8452279261940784,3
10,75,small,0.8525980249467413,3
10,76,small,0.8596171666159441,3
10,77,small,0.8663020634437563,3
10,78,small,0.8726686318511965,3
10,79,small,0.8787320303344729,3
10,80,small,0.884506695556641,3
10,81,small,0.8423873291015628,3
10,82,very_small,0.8322680664062501,3
10,83,very_small,0.843603515625,3
10,84,very_small,0.8447265625,3
10,85,very_small,0.82421875,3
10,86,very_small,0.845703125,3
10,87,very_small,0.86328125,3
10,88,very_small,0.8779296875,3
10,89,very_small,0.890625,3
10,90,very_small,0.900390625,3
10,91,very_small,0.921875,3
10,92,very_small,0.828125,3
10,93,very_small,0.75,3
10,94,very_small,0.625,3
10,95,very_small,0.5,3
10,96,very_small,0.375,3
10,97,very_small,0.25,3
10,98,very_small,0.125,3
10,99,small,0.05,3
10,100,small,0.0,3
